accountId,name
150,Nicolle Maule
67,Abram Amezcua
190,Fidela Albertson
48,Xiomara People
80,Dante Rowe
84,Kyung Lamark
15,Geraldine Height
200,Tomeka Robertson
171,Marianela Ricks
72,Leone Risk
159,Numbers Mcfee
176,Herma Hampson
94,Myrle Willhite
102,Nicki Keim
150,Liz Hakes
29,Fransisca Doria
96,Christy Booze
182,Corinne Schultze
3,Silvana Gaus
164,Damian Durocher
50,Ena Ferrari
36,Aaron Touchton
58,Kayleigh Rosen
34,Brittni Smalley
175,Minta Ivers
68,Sanjuana Brevard
190,Bret Crichton
55,Niki Louque
6,Shavon Lavalle
9,Francine Dawn
111,Erasmo Hayne
26,Marisa Schapiro
27,Twyla Tompson
122,Ashely Franqui
181,Dinorah Youssef
116,Brinda Voight
132,Chance Mandez
120,Carie Gesell
155,Rosanna Trusty
132,Candelaria Sickels
38,Tyra Hudman
149,Piedad Simone
107,Dayna Kamrowski
6,Sina Allyn
68,Shyla Lucien
97,Yoko Cargill
196,Ariana Conaway
96,Henrietta Goe
11,Jessika Routon
86,Dahlia Latham
95,Laurence Perez
52,Shakira Gilder
32,Izola Krenz
185,Bertha Holter
138,Reita Cullens
38,Monique Lark
61,Dollie Chadd
139,Aline Mclin
76,Syble Caudill
85,Wynona Ehrhart
60,Natacha Fairman
183,Carrie Ornellas
192,Margorie Cybulski
143,Shaunna Pae
161,Lessie Berens
40,Darcel Laursen
136,Leana Degennaro
53,Edison Panganiban
50,Mirian Lall
183,Micheal Cavins
117,Shemeka Membreno
115,Loreta Lares
190,Gillian Mattie
188,Ava Pulver
160,Valencia Marciniak
107,Albertine Dugal
41,Twana Muma
108,Sharda Bolt
7,Jenee Lally
83,Brian Darity
129,Marcelo Twedt
196,Joe Schuessler
16,Myung Ardoin
103,Coy Wahlstrom
148,Ela Lacoste
129,Lakeshia Lovitt
133,Celesta Kirchoff
77,Chasity Ginsburg
34,Willodean Azevedo
183,Andre Bluhm
191,Demarcus Peller
108,Marylynn Mahler
190,Arianne Mcfarlain
149,Jesse Leiter
69,Bryon Purvines
133,Shirlene Ulery
49,Noemi Eutsey
42,Fallon Youmans
66,Lilli Worden
8,Devin Totman
140,Silas Fan
192,Scott Allmond
126,Glinda Peevy
50,Portia Jain
150,Ila Rencher
84,Alexis Maxfield
149,Sandy Rison
179,Nyla Krauth
42,Deane Savidge
33,Cathie Bilodeau
45,Graciela Wilmoth
75,Sherill Redrick
158,Leesa Leath
30,Corine Schecter
181,Christene Carleton
168,Hong Klapp
100,Quentin Riebel
48,Francoise Wurth
67,Angila Reineck
62,Francesca Chavis
106,Vanetta Hotz
41,Tad Neisler
193,Noma Mather
98,Louise Whigham
154,Verdie Darsey
139,Melina Frisbee
62,Kimbra Burghart
107,Mitzi Casto
141,Leeann Akins
107,Tamara Sonntag
5,Cristina Rosebrock
97,Taina Karnes
168,Deena Prato
36,Jane Melone
107,Chanel Stanback
55,Numbers Largent
139,Randa Swarts
127,Garnet Hughey
125,Treasa Brogdon
137,Regine Petersen
58,Kimberley Villanova
148,Tennille Zhang
148,Henriette Morocco
93,Afton Sprung
60,Kristel Zapata
66,Mozell Houle
121,Edwardo Holtsclaw
53,Devorah Gilpin
173,Ali Osby
111,Alisha Navarette
62,Corey Casaus
123,Loree Bahr
47,Margaretta Messina
33,Takisha Large
192,Analisa Lombardi
134,Mirtha Kimberly
147,Carletta Harkins
102,Johnnie Killebrew
27,Ester Engelhardt
179,Lesley Oyer
94,Lucile Paniagua
5,Sylvie Bradham
176,Cinda Hammitt
85,Deann Standley
161,Daina Hubble
131,Treena Anello
19,Jadwiga Rivett
185,Elza Manes
84,Lovella Giordano
153,Steffanie Rees
64,Carly Read
134,Kathy Dubreuil
82,Catalina Water
188,Shelby Lyle
22,Etsuko Howe
70,Christina Viands
199,Cortez Kimbrell
57,Pricilla Krol
32,Harley Fossett
24,Lashawn Tomita
135,Justina Flanary
41,Yadira Kilbourne
81,Josephine Heady
45,Gabriele Woltman
123,Sheila Buckalew
54,Tomoko Atwater
87,Pandora Mcfetridge
102,Lanie Reding
13,Noma Hashimoto
129,Patti Garber
114,Crystle Tiedeman
77,Ima Chalker
192,Kathlyn Duden
45,Ardelia Steffan
70,Katherina Sias
180,Maura Aldridge
16,Opal Goin
36,Terrie Rathburn
161,Majorie Luiz
130,Waylon Goodridge